user_input,retrieved_contexts,reference_contexts,response,reference,synthesizer_name
"How does the structure of an academic calendar, such as standard term, nonstandard term, non-term, or subscription-based, affect the calculation and disbursement of Pell Grant awards?",[],"['non-term (includes clock-hour calendars), or subscription-based. In a standard term or nonstandard term academic calendar, a term is generally a period in which all classes are scheduled to begin and end within a set time frame, and academic progress is measured in credit hours. In a non-term academic calendar, classes do not begin and end within a set time frame, such as a term. Academic progress in a non-term program can be measured in either credit or clock hours. In some cases (as discussed below), a program with terms must be treated as a non-term program for Title IV purposes. A subscription-based academic calendar is used only by subscription-based programs. A subscription-based program is a term-based program in which the school charges a student for each term on a subscription basis with the expectation that the student will complete a specified number of credit hours (or the equivalent) during that term. However, classes in a subscription-based program are not required to begin or end within a specific timeframe in each term, as is the case in a term-based calendar that is not subscription-based. For more detail on subscription-based programs, see Volume 2, Chapter 2. A subscription-based academic calendar consists of ""subscription periods"" that are either standard terms or substantially equal nonstandard terms (for guidance on when terms are considered to be substantially equal in length, see <Payment periods for programs using standard terms or substantially equal nonstandard terms= later in this chapter). Substantially equal nonstandard terms may be of any length, but if they are not at least nine weeks in length, the program must use BBAY 3 for purposes of monitoring Direct Loan annual loan limit progression (see Volume 8, Chapter 6 for more information on BBAY 3). Nonstandard terms that are not substantially equal in length are not permissible in a subscription-based academic calendar. The term ""subscription period"" is synonymous with ""term"" and ""payment period"" (payment periods are covered later in this chapter). Except for the fact that classes are not required to start and end within a term, the rules and requirements for term-based programs that are not subscription-based also apply to subscription-based programs. These requirements include: minimum and maximum term length restrictions for standard terms (see the discussion in the next section of this chapter); requirements for determining full-time enrollment (see Volume 1, Chapter 1); use of a Scheduled Academic Year (SAY), BBAY 1, BBAY 2, or BBAY 3 for monitoring Direct Loan annual loan limit progression (see Volume 8, Chapter 6); and use of Pell Grant formulas 1, 2, or 3 to calculate Pell Grant awards (see Volume 7, Chapter 4). Whether an academic calendar is standard term, nonstandard term, non-term, or subscription-based has implications for how aid is awarded and disbursed under the Title IV programs. Standard Terms: Semesters, Trimesters, and Quarters Semesters and trimesters contain between 14 and 21 weeks of instructional time. However, a summer term in a program using semesters or trimesters may contain fewer than 14 weeks. An academic calendar that uses semesters or trimesters traditionally has three terms, one each in the fall, spring, and summer, two of which comprise an academic year. For example, in a program using an SAY calendar, fall and spring would comprise an academic year. In a program using a']","It appears there is a technical issue with the query process. I will attempt to clarify the information based on what I know.

The structure of an academic calendar can significantly impact the calculation and disbursement of Pell Grant awards in the following ways:

1. Standard Term: 
- Disbursement is typically divided into multiple payments aligned with each term (semester, quarter, etc.).
- The total award amount is prorated based on the number of days in the award year that the student is enrolled.
- Students usually receive disbursements at the start of each term.

2. Nonstandard Term:
- Disbursement schedules may vary, often based on the specific start and end dates of the nonstandard terms.
- The award amount may be prorated according to the length of each nonstandard term.
- Disbursements are made accordingly, which may be less predictable than standard terms.

3. Non-term (Year-round or Continuous Enrollment):
- Disbursement may be based on the total award amount divided over the entire period of enrollment.
- The timing of disbursements can be flexible, depending on the institution's policies.
- The calculation considers the total days enrolled within the award year.

4. Subscription-based:
- This is less common in traditional higher education settings.
- If applicable, disbursement might be based on ongoing enrollment or subscription periods.
- The award calculation would need to account for the continuous or periodic nature of enrollment.

In general, the key factors are how the academic calendar aligns with the award year and the enrollment periods, which influence the prorating and timing of disbursements. For precise details, consulting the federal Pell Grant regulations or the financial aid office of the specific institution is recommended.","The structure of an academic calendar—whether it is standard term, nonstandard term, non-term, or subscription-based—affects how Pell Grant awards are calculated and disbursed. In subscription-based programs, which are term-based but do not require classes to start and end within a specific timeframe, the rules and requirements for term-based programs that are not subscription-based also apply. This includes the use of Pell Grant formulas 1, 2, or 3 to calculate Pell Grant awards. The type of academic calendar determines the applicable Pell Grant formula and the timing of aid disbursement under Title IV programs.",single_hop_specifc_query_synthesizer
"medicine program clinical work, it gotta be in standard term or not?",[],"['Inclusion of Clinical Work in a Standard Term Periods of medical and education program clinical work which is conducted outside the classroom may not be included in a standard term, unless all of the following apply: All students in the program must participate in the practicum or clinical experience, and they must be required to complete the practicum or clinical experience as a condition for applying for licensure or authorization to practice the occupation they intend to pursue; The school has little or no control over the length or starting and ending dates of the practicum or clinical experience. This may be due to constraints imposed by outside licensing bodies or the need to accommodate schedules of entities with which students are being placed (e.g., school districts or hospitals); and Credit hours associated with the practicum or clinical experience must be associated with the term in which most of the training occurs, even if the starting and ending dates do not exactly align with the term dates and/or overlap with another term. If the clinical work meets all the above criteria, terms which include such clinical work are not required to be considered nonstandard, nor are such programs required to be considered non-term, even if the clinical work overlaps another term. This flexibility is limited to required clinical periods associated with standard term programs in medicine (including, but not limited to, allopathic, osteopathic, nursing, veterinary, dentistry, pharmacy, and physical therapy), and student teaching required to obtain a state teaching certificate. See Volume 8, Chapter 3 for additional guidance on certain exceptions to the normal loan period and disbursement timing rules for Direct Loans when clinical work that meets the criteria described above is included in a standard term. Nonstandard Terms Generally, nonstandard terms are terms that are not semesters, trimesters, or quarters. For example, a 5-week term or a 23-week term would be considered a nonstandard term because no standard term can be fewer than nine weeks or greater than 21 weeks in length. Like standard terms, nonstandard terms may be equal in length or may be of different lengths. If a program is offered in a combination of standard terms and nonstandard terms, the program is considered to be offered in nonstandard terms. Also, like standard terms, nonstandard terms may not overlap within a program. Even if a school calls its terms semesters, trimesters, or quarters, they are considered to be nonstandard terms if they do not comply with the policy on standard term length, as described earlier. For instance, a 22-week semester or an 8-week quarter must be treated as a nonstandard term, because a semester cannot contain more than 21 weeks and a quarter must include a minimum of nine weeks. Semesters, trimesters, or quarters are also considered to be nonstandard terms if academic progress is not measured in the manner normally associated with the type of term. For example, if a program is offered in 15-week semesters but measures academic progress in quarter credit hours, the semesters would be considered nonstandard terms.']",Could you please clarify your question a bit? Are you asking whether the terminology used in a medicine program's clinical work should follow standard medical terminology? Or are you referring to something else related to clinical work in a medicine program? Providing more details will help me give you a more accurate answer.,"If the clinical work in a medicine program meets all the criteria listed—like all students must do it, it's required for licensure, the school don't control the dates, and the credit hours go with the term where most training happens—then terms with that clinical work don't gotta be considered nonstandard, even if the clinical work overlaps another term.",single_hop_specifc_query_synthesizer
"Wen do Title IV program disbursements need to be made for non-term programs, and wich Title IV programs are affected by this requirment?","['StudentAid.gov Search Results for: disbursement timing for Title IV programs for non-term programs', 'Summary: Disbursement for Title IV programs occurs on a term basis, typically at the beginning of each academic term. Non-term programs may have different disbursement schedules. Check specific program details for exact timing.', 'Official Federal Information:\n1. Federal Student Aid What programs make up federal student aid?\n   A majority of federal student aid programs fall under Title IV of the Higher Education Act of 1965 including the William D. Ford Federal Direct Loan (Direct Loan) Program, the Federal Pell Grant Progr...\n   URL: https://studentaid.gov/help-center/answers/article/what-programs-make-up-federal-student-aid', '2. Federal Student Aid Federal Student Aid\n   FSA is responsible for managing the student financial assistance programs authorized under _Title IV_ of the _Higher Education Act of 1965_. These programs provide grant, work-study, and loan funds to...\n   URL: https://studentaid.gov/about', '3. Federal Student Aid Financial Aid Eligibility\n   transform=""translate(8.000000, 20.000000)""><path d=""M8,0 C12.4166667,0 16,3.58333333 16,8 C16,12.4166667 12.4166667,16 8,16 C3.58333333,16 0,12.4166667 0,8 C0,3.58333333 3.58333333,0 8,0 Z M9.33333333...\n   URL: https://studentaid.gov/understand-aid/eligibility']","['Non-Term Characteristics A program that measures progress in clock hours is always treated as a non-term program. Except for subscription-based programs, a program that measures progress in credit-hours is considered to have a non- term calendar if it has: Courses that do not begin and end within a set period of time such as a term; Courses that overlap terms; Self-paced and independent study courses that overlap terms; or Sequential courses that do not begin and end within a term. Payment Periods The payment period is applicable to all Title IV programs except the Federal Work-Study (FWS) Program. For example, Title IV program disbursements (except FWS payments) must be made on a payment period basis, as discussed in detail']","Disbursements for Title IV programs are generally made on a term basis, typically at the beginning of each academic term. However, for non-term programs, the disbursement schedule may differ. The specific timing for non-term programs can vary depending on the program details. 

The Title IV programs affected by this requirement include federal student aid programs such as the William D. Ford Federal Direct Loan (Direct Loan) Program, Federal Pell Grant Program, Federal Work-Study, and other related federal student aid programs authorized under Title IV of the Higher Education Act of 1965. 

For exact disbursement timing for a specific non-term program, it is advisable to check the particular program's details or contact the financial aid office of the institution.","Title IV program disbursements, except for Federal Work-Study (FWS) payments, must be made on a payment period basis for non-term programs.",single_hop_specifc_query_synthesizer
"so like if a student gettin a TEACH Grant in a clock-hour or non-term credit-hour program, and they finish more weeks or hours than scheduled in a payment period, does that change how much TEACH Grant they get or when they get the next disbursement, or what happen if they go faster than normal?","['StudentAid.gov Search Results for: TEACH Grant disbursement schedule for clock-hour or non-term credit-hour programs', ""Summary: TEACH Grant funds are disbursed in multiple installments throughout the academic year. The exact dates and amounts depend on the school's schedule. Students receive a disclosure statement for each grant."", 'Official Federal Information:\n1. Grants | Federal Student Aid\n   | Teacher Education Assistance for College and Higher Education (TEACH) Grant | Undergraduate, postbaccalaureate, or graduate students who are enrolled in programs that prepare them to teach in a high...\n   URL: https://studentaid.gov/understand-aid/types/grants', '2. Teacher Education Assistance for College and Higher ...\n   sign and submit your Agreement on our StudentAid.gov website, as instructed by the school where you receive your TEACH Grant. Your school will be notified when you submit your Agreement. How will I kn...\n   URL: https://studentaid.gov/sites/default/files/teachCounselingGuide.pdf', '3. TEACH Grant Program\n   TEACH Grant Program | Federal Student Aid']","['both the credit or clock hours and the weeks of instructional time in a payment period before receiving a disbursement of Pell Grant, FSEOG, TEACH Grant or Direct Loan funds for the next payment period. For the Direct Loan Program only, this same requirement applies to students who are enrolled in programs with nonstandard terms that are not substantially equal in length. Effect of Accelerated Progression on Disbursement Timing in a Clock-Hour or Non-Term Credit-Hour Program The Pell Grant or TEACH Grant amount that a student is eligible to receive for a payment period in a clock-hour or non- term credit-hour program is based on the number of hours and weeks in the scheduled payment periods for the program that are established at the beginning of the program based on the program length (as described earlier in this chapter). These scheduled payment periods do not change, regardless of a student9s rate of progression through a clock-hour or non-term credit-hour program. This means that if a student completes additional weeks of instructional time or hours while completing the other measure of a payment period, the actual number of weeks or hours that the student completes before a disbursement can be made for the next payment period may differ from the number of weeks or hours in the scheduled payment period used to determine the student9s grant amount for the payment period. Although a student9s completion of additional weeks or hours in a payment period has no effect on the scheduled payment periods for purposes of determining Pell Grant and TEACH Grant payment amounts, an undergraduate student who accelerates in a clock-hour or non-term credit-hour program may have reduced Direct Loan eligibility in the final academic year of a program. Specifically, if a student enrolled in a program that is greater than one academic year in length completes additional clock or credit hours prior to the final academic year of the program, this may result in a final period of study that contains fewer clock or credit hours than the number of hours in the program9s defined academic year. In this circumstance, the Direct Loan annual loan limit for an undergraduate student must be prorated (reduced). The principles described above are illustrated by the examples in Appendix A at the end of this chapter. For guidance on calculating Pell Grant and TEACH Grant awards for clock-hour and non-term credit-hour programs, see Volume 7. For information on Direct Loan annual loan limit proration and annual loan limit progression in clock-hour and non-term credit- hour programs, see Volume 8, Chapters 5 and 6. If your school is unable to determine when a student has successfully completed half of the credit or clock hours in a program, academic year, or remainder of a program, the student is considered to have begun the second payment period of the program, academic year, or remainder of a program at the later of the date (identified by your school) that the student has successfully completed: half of the academic coursework in the program, academic year, or remainder of the program; or half of the number of weeks of instructional time in the program, academic year, or remainder of the program.']","The disbursement of TEACH Grant funds for clock-hour or non-term credit-hour programs is typically scheduled in multiple installments throughout the academic year, with specific dates and amounts determined by the school's schedule. If a student completes more weeks or hours than initially scheduled in a payment period, it generally does not change the amount of the TEACH Grant they receive or the timing of the next disbursement. The disbursement schedule is based on the school's calendar and the student's enrollment status, not on the actual hours or weeks completed beyond the schedule.

However, it's important for students to stay in contact with their school's financial aid office and review their award disclosures to understand any specific implications of their progress. If a student accelerates their coursework significantly, they should verify whether this affects their disbursement schedule or eligibility, as policies can vary by institution.

Would you like more detailed information or specific policies from a particular school?","if a student gettin a TEACH Grant in a clock-hour or non-term credit-hour program finishes more weeks or hours than scheduled in a payment period, it don’t change the scheduled payment periods used to figure out the TEACH Grant amount for that period. the scheduled payment periods stay the same no matter how fast the student goes, so the grant amount don’t change. but the actual number of weeks or hours the student completes before gettin the next disbursement might be different from the scheduled amount. so, goin faster don’t affect the TEACH Grant payment amount, just when the next disbursement can happen.",single_hop_specifc_query_synthesizer
"How does the disbursement timing for federal student aid differ between clock-hour or non-term credit-hour programs and subscription-based programs, and what are the specific requirements that must be met before students can receive subsequent disbursements in each program type?","['StudentAid.gov Search Results for: disbursement timing for federal student aid in clock-hour or non-term credit-hour programs', 'Summary: Federal student aid disbursements for non-term credit-hour programs are based on completing half the credit hours and half the instructional time in the first payment period. The second payment period covers the remaining program duration. Payments made within 120 days apply to the principal balance.', ""Official Federal Information:\n1. Fed era I Student !~iid\n   pre>grains; however, based on the published information and pllblisbed policies, and during interviewswit)l the school's staff, the pre>gram structure varies from nonstandard to non-term programs. -Th...\n   URL: https://studentaid.gov/sites/default/files/fsawg/datacenter/library/FPRD/Five_Branches_University_031313_11302018_FPRD_Redacted.pdf"", '2. How Payments Are Applied - Edfinancial - Federal Student Aid\n   Payments Made Within 120 Days of Disbursement\n----------------------------------------------- [...] If you make a payment within 120 days of the date your loan is disbursed to your school, the entire ...\n   URL: https://edfinancial.studentaid.gov/how-payments-are-applied', '3. How do I check the status of my FAFSA® form?\n   Note: If you submitted a paper FAFSA form, you can check the status of your form once we process it (roughly 7–10 days from the date mailed).', 'StudentAid.gov Search Results for: disbursement timing for federal student aid in subscription-based programs', ""Summary: Federal student aid disbursements occur when funds are sent to schools, and schools apply them to student loans. Payments made within 120 days of disbursement apply to the principal. Contact your school's financial aid office for specific timing details."", 'Official Federal Information:\n1. How Payments Are Applied - Edfinancial - Federal Student Aid\n   Payments Made Within 120 Days of Disbursement\n----------------------------------------------- [...] If you make a payment within 120 days of the date your loan is disbursed to your school, the entire ...\n   URL: https://edfinancial.studentaid.gov/how-payments-are-applied', '2. How do I check the status of my FAFSA® form?\n   Note: If you submitted a paper FAFSA form, you can check the status of your form once we process it (roughly 7–10 days from the date mailed).', 'To check the disbursement status of your federal student ...\n   URL: https://studentaid.gov/help/check-fafsa-status']","['<1-hop>\n\nboth the credit or clock hours and the weeks of instructional time in a payment period before receiving a disbursement of Pell Grant, FSEOG, TEACH Grant or Direct Loan funds for the next payment period. For the Direct Loan Program only, this same requirement applies to students who are enrolled in programs with nonstandard terms that are not substantially equal in length. Effect of Accelerated Progression on Disbursement Timing in a Clock-Hour or Non-Term Credit-Hour Program The Pell Grant or TEACH Grant amount that a student is eligible to receive for a payment period in a clock-hour or non- term credit-hour program is based on the number of hours and weeks in the scheduled payment periods for the program that are established at the beginning of the program based on the program length (as described earlier in this chapter). These scheduled payment periods do not change, regardless of a student9s rate of progression through a clock-hour or non-term credit-hour program. This means that if a student completes additional weeks of instructional time or hours while completing the other measure of a payment period, the actual number of weeks or hours that the student completes before a disbursement can be made for the next payment period may differ from the number of weeks or hours in the scheduled payment period used to determine the student9s grant amount for the payment period. Although a student9s completion of additional weeks or hours in a payment period has no effect on the scheduled payment periods for purposes of determining Pell Grant and TEACH Grant payment amounts, an undergraduate student who accelerates in a clock-hour or non-term credit-hour program may have reduced Direct Loan eligibility in the final academic year of a program. Specifically, if a student enrolled in a program that is greater than one academic year in length completes additional clock or credit hours prior to the final academic year of the program, this may result in a final period of study that contains fewer clock or credit hours than the number of hours in the program9s defined academic year. In this circumstance, the Direct Loan annual loan limit for an undergraduate student must be prorated (reduced). The principles described above are illustrated by the examples in Appendix A at the end of this chapter. For guidance on calculating Pell Grant and TEACH Grant awards for clock-hour and non-term credit-hour programs, see Volume 7. For information on Direct Loan annual loan limit proration and annual loan limit progression in clock-hour and non-term credit- hour programs, see Volume 8, Chapters 5 and 6. If your school is unable to determine when a student has successfully completed half of the credit or clock hours in a program, academic year, or remainder of a program, the student is considered to have begun the second payment period of the program, academic year, or remainder of a program at the later of the date (identified by your school) that the student has successfully completed: half of the academic coursework in the program, academic year, or remainder of the program; or half of the number of weeks of instructional time in the program, academic year, or remainder of the program.', '<2-hop>\n\nDisbursement Timing in Subscription-Based Programs For the first two subscription periods (terms) that a student attends in a subscription-based program, there is no requirement for the student to have completed a certain amount of coursework before receiving a disbursement of Title IV funds (the same as in any other term-based program using credit hours). However, to receive a disbursement of Title IV aid for each subsequent subscription period in the program, the student must have completed a cumulative number of credit hours equal to the total of the number of hours for which the student was enrolled in all previously attended subscription periods in the program, excluding the number of hours for which the student was enrolled in the most recently attended subscription period. For more detailed guidance on the disbursement rules for subscription-based programs, including examples, refer to Appendix B at the end of this chapter. Multiple Disbursements Within a Payment Period The regulations governing the Title IV programs generally permit schools to pay Title IV funds at such times and in such installments within each payment period as will best meet students9 needs. This gives schools the ability to apportion the payment if doing so will be in the best interest of the student. For example, if a payment period is particularly long, a school might choose to pay in multiple installments to the extent program requirements permit to ensure that a student will have funds to pay rent later in the payment period. If a school chooses to schedule multiple Direct Loan disbursements within a single payment period, the disbursements must be substantially equal. Note also that if the loan period for a Direct Loan is a single payment period, the loan must be disbursed in at least two installments unless the school qualifies for an exception to the multiple disbursement requirement. See Volume 8, Chapter 3 for more']","The disbursement timing for federal student aid differs between program types as follows:

1. **Clock-hour or non-term credit-hour programs**:
   - Disbursements are based on completing half the credit hours and half the instructional time in the first payment period.
   - The second payment period covers the remaining program duration.
   - Payments made within 120 days of disbursement are applied to the principal balance.

2. **Subscription-based programs**:
   - Disbursements occur when funds are sent to the schools, which then apply them to student loans.
   - Similar to other programs, payments made within 120 days of disbursement are applied to the principal.
   - The specific timing of disbursements can vary, and students should contact their school's financial aid office for detailed timing information.

**Requirements before students can receive subsequent disbursements**:
- For both program types, students generally need to meet certain academic progress and attendance requirements.
- The student must have completed the necessary initial disbursement conditions, such as half the credit hours or instructional time for non-term programs.
- The school must verify that the student is making satisfactory academic progress.
- The student must have completed any required loan entrance counseling and signed the Master Promissory Note (MPN).

For precise details tailored to your specific situation, it is advisable to consult your school's financial aid office or review the official guidance on StudentAid.gov.","In clock-hour or non-term credit-hour programs, students must complete both the required credit or clock hours and the weeks of instructional time in a payment period before receiving a disbursement of Pell Grant, FSEOG, TEACH Grant, or Direct Loan funds for the next payment period. The scheduled payment periods are established at the beginning of the program and do not change based on a student's rate of progression. If a student accelerates and completes additional hours or weeks, it does not affect the scheduled payment periods for Pell Grant and TEACH Grant amounts, but may result in proration of Direct Loan eligibility in the final academic year if fewer hours remain. If a school cannot determine when a student has completed half of the required hours or weeks, the student is considered to have begun the second payment period at the later of completing half the coursework or half the weeks of instructional time.

In subscription-based programs, for the first two subscription periods, there is no requirement for completion of a certain amount of coursework before receiving a disbursement of Title IV funds. For each subsequent subscription period, however, the student must have completed a cumulative number of credit hours equal to the total hours enrolled in all previously attended subscription periods, excluding the most recently attended period. Additionally, schools may choose to make multiple disbursements within a payment period, but if so, the disbursements must be substantially equal, and for a single payment period loan, at least two installments are required unless an exception applies.",multi_hop_abstract_query_synthesizer
"How do the disbursement timing requirements for federal student aid differ between clock-hour or non-term credit-hour programs and subscription-based programs, particularly regarding the completion of coursework or credit hours before receiving subsequent disbursements, and what flexibility do schools have in scheduling multiple disbursements within a payment period?","['StudentAid.gov Search Results for: disbursement timing requirements for federal student aid in clock-hour or non-term credit-hour programs', 'Summary: For federal student aid, disbursements in non-term or clock-hour programs depend on credit completion and instructional time. Aid is disbursed in two payments based on half-year completion. Non-standard terms must align with half-year credit and time completion.', ""Official Federal Information:\n1. Fed era I Student !~iid\n   pre>grains; however, based on the published information and pllblisbed policies, and during interviewswit)l the school's staff, the pre>gram structure varies from nonstandard to non-term programs. -Th...\n   URL: https://studentaid.gov/sites/default/files/fsawg/datacenter/library/FPRD/Five_Branches_University_031313_11302018_FPRD_Redacted.pdf"", '2. What is the Loan Disbursement (Pay Out) Process?\n   How a loan is disbursed depends on the type of loan you receive and the type of school you attend (semester, term, or clock hour). You will receive written notification each time your loan is to be pa...\n   URL: https://studentaid.gov/help-center/answers/article/what-is-the-loan-disbursement-pay-out-process', '3. Student Loan Industry Glossary - Mohela\n   Title IV enrollment status. Previously-passed coursework that the school requires the student to repeat due to the student failing other coursework may not be counted toward the student’s\nTitle IV enr...\n   URL: https://mohela.studentaid.gov/DL/resourceCenter/glossary.aspx', 'StudentAid.gov Search Results for: disbursement timing requirements for federal student aid in subscription-based programs', ""Summary: Federal student aid disbursements for subscription-based programs occur monthly, typically in December, March, July, and September. The exact timing depends on the school's reconciliation and fund draw-down processes."", 'Official Federal Information:\n1. ANNUAL REPORT FY 2020\n   The Next Gen FSA initiative delivered intuitive, self-service tools for students, parents, and borrowers. The new StudentAid.gov—FSA’s primary website for customers—consolidated the four most-visited ...\n   URL: https://studentaid.gov/sites/default/files/fy2020-fsa-annual-report.pdf', '2. maximus-federal-services.pdf\n   through routine outreach, asking customers and partners to update their data (e.g., contact information, communication preferences, change in circumstances). 4.4 PROGRAM REQUIREMENTS - STUDENT AID BAC...\n   URL: https://studentaid.gov/sites/default/files/maximus-federal-services.pdf', ""3. So Your Loan Was Transferred—What's Next?\n   Image 2\nHow long will it take for my new servicer’s info to show up on StudentAid.gov?\n----------------------------------------------------------------------------------""]","['<1-hop>\n\nboth the credit or clock hours and the weeks of instructional time in a payment period before receiving a disbursement of Pell Grant, FSEOG, TEACH Grant or Direct Loan funds for the next payment period. For the Direct Loan Program only, this same requirement applies to students who are enrolled in programs with nonstandard terms that are not substantially equal in length. Effect of Accelerated Progression on Disbursement Timing in a Clock-Hour or Non-Term Credit-Hour Program The Pell Grant or TEACH Grant amount that a student is eligible to receive for a payment period in a clock-hour or non- term credit-hour program is based on the number of hours and weeks in the scheduled payment periods for the program that are established at the beginning of the program based on the program length (as described earlier in this chapter). These scheduled payment periods do not change, regardless of a student9s rate of progression through a clock-hour or non-term credit-hour program. This means that if a student completes additional weeks of instructional time or hours while completing the other measure of a payment period, the actual number of weeks or hours that the student completes before a disbursement can be made for the next payment period may differ from the number of weeks or hours in the scheduled payment period used to determine the student9s grant amount for the payment period. Although a student9s completion of additional weeks or hours in a payment period has no effect on the scheduled payment periods for purposes of determining Pell Grant and TEACH Grant payment amounts, an undergraduate student who accelerates in a clock-hour or non-term credit-hour program may have reduced Direct Loan eligibility in the final academic year of a program. Specifically, if a student enrolled in a program that is greater than one academic year in length completes additional clock or credit hours prior to the final academic year of the program, this may result in a final period of study that contains fewer clock or credit hours than the number of hours in the program9s defined academic year. In this circumstance, the Direct Loan annual loan limit for an undergraduate student must be prorated (reduced). The principles described above are illustrated by the examples in Appendix A at the end of this chapter. For guidance on calculating Pell Grant and TEACH Grant awards for clock-hour and non-term credit-hour programs, see Volume 7. For information on Direct Loan annual loan limit proration and annual loan limit progression in clock-hour and non-term credit- hour programs, see Volume 8, Chapters 5 and 6. If your school is unable to determine when a student has successfully completed half of the credit or clock hours in a program, academic year, or remainder of a program, the student is considered to have begun the second payment period of the program, academic year, or remainder of a program at the later of the date (identified by your school) that the student has successfully completed: half of the academic coursework in the program, academic year, or remainder of the program; or half of the number of weeks of instructional time in the program, academic year, or remainder of the program.', '<2-hop>\n\nDisbursement Timing in Subscription-Based Programs For the first two subscription periods (terms) that a student attends in a subscription-based program, there is no requirement for the student to have completed a certain amount of coursework before receiving a disbursement of Title IV funds (the same as in any other term-based program using credit hours). However, to receive a disbursement of Title IV aid for each subsequent subscription period in the program, the student must have completed a cumulative number of credit hours equal to the total of the number of hours for which the student was enrolled in all previously attended subscription periods in the program, excluding the number of hours for which the student was enrolled in the most recently attended subscription period. For more detailed guidance on the disbursement rules for subscription-based programs, including examples, refer to Appendix B at the end of this chapter. Multiple Disbursements Within a Payment Period The regulations governing the Title IV programs generally permit schools to pay Title IV funds at such times and in such installments within each payment period as will best meet students9 needs. This gives schools the ability to apportion the payment if doing so will be in the best interest of the student. For example, if a payment period is particularly long, a school might choose to pay in multiple installments to the extent program requirements permit to ensure that a student will have funds to pay rent later in the payment period. If a school chooses to schedule multiple Direct Loan disbursements within a single payment period, the disbursements must be substantially equal. Note also that if the loan period for a Direct Loan is a single payment period, the loan must be disbursed in at least two installments unless the school qualifies for an exception to the multiple disbursement requirement. See Volume 8, Chapter 3 for more']","The disbursement timing requirements for federal student aid differ between clock-hour or non-term credit-hour programs and subscription-based programs as follows:

1. Clock-hour or Non-term Credit-hour Programs:
- Disbursements are typically based on the completion of credit hours or instructional time.
- Aid is generally disbursed in two payments, often aligned with half-year credit and time completion.
- For non-standard terms, disbursement schedules must still align with the completion of half-year credit hours or instructional time.

2. Subscription-based Programs:
- Disbursements occur monthly, usually in December, March, July, and September.
- The timing depends on the school's reconciliation and fund draw-down processes, rather than specific coursework completion.

Regarding flexibility in scheduling multiple disbursements within a payment period:
- Schools have some flexibility to schedule multiple disbursements within a payment period, but these must adhere to federal regulations and the specific disbursement schedule associated with the program type.
- For clock-hour or non-term programs, disbursements are tied to coursework or credit hour completion.
- For subscription-based programs, disbursements are aligned with the school's monthly schedule and reconciliation processes.

Would you like more detailed information on any specific aspect?","In clock-hour or non-term credit-hour programs, students must complete both the required credit or clock hours and the weeks of instructional time in a payment period before they can receive a disbursement of Pell Grant, FSEOG, TEACH Grant, or Direct Loan funds for the next payment period. The scheduled payment periods are established at the beginning of the program and do not change based on a student's rate of progression. If a student accelerates and completes additional weeks or hours, this does not affect the scheduled payment periods for determining grant amounts, but may result in reduced Direct Loan eligibility in the final academic year if the last period contains fewer hours than a defined academic year, requiring proration of the annual loan limit. In contrast, for subscription-based programs, there is no requirement for students to complete a certain amount of coursework before receiving disbursements for the first two subscription periods. For subsequent periods, students must have completed a cumulative number of credit hours equal to the total hours enrolled in all previous subscription periods, excluding the most recent one. Additionally, schools have flexibility to schedule multiple disbursements within a payment period to best meet students' needs, such as splitting payments in longer periods, provided that Direct Loan disbursements within a single payment period are substantially equal and, if the loan period is a single payment period, the loan must be disbursed in at least two installments unless an exception applies.",multi_hop_abstract_query_synthesizer
"If a practicum or clinical experience is required for licensure in a medical or education program, under what conditions can it be included in a standard term, and how does this differ from the characteristics that define non-term programs?","['StudentAid.gov Search Results for: practicum or clinical experience in licensure programs', 'Summary: Practicum or clinical experience in licensure programs may qualify for federal student aid under borrower defense provisions, if the student can prove the school misled them regarding job placement or program outcomes. This is a narrow exception. For more details, visit StudentAid.gov.', 'Official Federal Information:\n1. FY 2014 Annual Report\n   become the trusted source for accurate and accessible student aid information for Americans nationwide. Analysis of Progress: FSA greatly exceeded its target on this metric, with a result of 32.7 mill...\n   URL: https://studentaid.gov/sites/default/files/FY_2014_FSA_Annual_Report_official.pdf', '2. borrower-defense-application.pdf\n   concerns regarding the status of your individual submission of this application, please contact the Borrower Defense customer Contact Center at 1-855-279-6207 directly. You may also submit and manage ...\n   URL: https://studentaid.gov/sites/default/files/borrower-defense-application.pdf', '3. sweet-v-cardona-amended-complaint.pdf\n   that once I got this degree I could immediately get hired as a nurse; that’s not true. I need to have one year of clinical work before I can be hired.” Unacceptable allegations, which “should be denie...\n   URL: https://studentaid.gov/sites/default/files/sweet-v-cardona-amended-complaint.pdf']","['<1-hop>\n\nInclusion of Clinical Work in a Standard Term Periods of medical and education program clinical work which is conducted outside the classroom may not be included in a standard term, unless all of the following apply: All students in the program must participate in the practicum or clinical experience, and they must be required to complete the practicum or clinical experience as a condition for applying for licensure or authorization to practice the occupation they intend to pursue; The school has little or no control over the length or starting and ending dates of the practicum or clinical experience. This may be due to constraints imposed by outside licensing bodies or the need to accommodate schedules of entities with which students are being placed (e.g., school districts or hospitals); and Credit hours associated with the practicum or clinical experience must be associated with the term in which most of the training occurs, even if the starting and ending dates do not exactly align with the term dates and/or overlap with another term. If the clinical work meets all the above criteria, terms which include such clinical work are not required to be considered nonstandard, nor are such programs required to be considered non-term, even if the clinical work overlaps another term. This flexibility is limited to required clinical periods associated with standard term programs in medicine (including, but not limited to, allopathic, osteopathic, nursing, veterinary, dentistry, pharmacy, and physical therapy), and student teaching required to obtain a state teaching certificate. See Volume 8, Chapter 3 for additional guidance on certain exceptions to the normal loan period and disbursement timing rules for Direct Loans when clinical work that meets the criteria described above is included in a standard term. Nonstandard Terms Generally, nonstandard terms are terms that are not semesters, trimesters, or quarters. For example, a 5-week term or a 23-week term would be considered a nonstandard term because no standard term can be fewer than nine weeks or greater than 21 weeks in length. Like standard terms, nonstandard terms may be equal in length or may be of different lengths. If a program is offered in a combination of standard terms and nonstandard terms, the program is considered to be offered in nonstandard terms. Also, like standard terms, nonstandard terms may not overlap within a program. Even if a school calls its terms semesters, trimesters, or quarters, they are considered to be nonstandard terms if they do not comply with the policy on standard term length, as described earlier. For instance, a 22-week semester or an 8-week quarter must be treated as a nonstandard term, because a semester cannot contain more than 21 weeks and a quarter must include a minimum of nine weeks. Semesters, trimesters, or quarters are also considered to be nonstandard terms if academic progress is not measured in the manner normally associated with the type of term. For example, if a program is offered in 15-week semesters but measures academic progress in quarter credit hours, the semesters would be considered nonstandard terms.', '<2-hop>\n\nNon-Term Characteristics A program that measures progress in clock hours is always treated as a non-term program. Except for subscription-based programs, a program that measures progress in credit-hours is considered to have a non- term calendar if it has: Courses that do not begin and end within a set period of time such as a term; Courses that overlap terms; Self-paced and independent study courses that overlap terms; or Sequential courses that do not begin and end within a term. Payment Periods The payment period is applicable to all Title IV programs except the Federal Work-Study (FWS) Program. For example, Title IV program disbursements (except FWS payments) must be made on a payment period basis, as discussed in detail']","The search results indicate that practicum or clinical experience required for licensure may be included in federal student aid considerations under specific conditions, primarily if the school misled students regarding job placement or program outcomes. This is a narrow exception and does not broadly address the inclusion of such experiences in standard academic terms.

Regarding how practicum or clinical experiences can be included in a standard term, the general understanding is that these experiences are typically integrated into the curriculum as part of the program's structure, often counted as part of the academic coursework or clinical hours required for licensure. They are usually scheduled within the academic calendar and are considered an integral component of the program.

In contrast, non-term programs are characterized by their flexible or non-traditional scheduling, which may not follow a fixed academic calendar. These programs often allow students to complete coursework and clinical experiences asynchronously or on a rolling basis, without the strict start and end dates associated with standard terms.

To summarize:
- **Standard term programs**: Clinical or practicum experiences are included as part of the scheduled academic term, with fixed start and end dates, and are integrated into the curriculum.
- **Non-term programs**: These programs are more flexible, with clinical experiences that may not be tied to specific academic terms and can be completed on a more individualized schedule.

Would you like more detailed information on how these experiences are structured within specific programs or additional guidance on federal aid eligibility?","A practicum or clinical experience required for licensure in a medical or education program can be included in a standard term if all students must participate in it as a condition for licensure, the school has little or no control over its length or dates (often due to external licensing bodies or placement schedules), and the credit hours are associated with the term in which most training occurs, even if the dates do not align exactly with the term or overlap another term. If these criteria are met, the program is not required to be considered non-term, even if the clinical work overlaps another term. In contrast, non-term programs are defined by characteristics such as measuring progress in clock hours, having courses that do not begin and end within a set term, courses that overlap terms, or self-paced and independent study courses. Thus, while required clinical experiences can be included in standard terms under specific conditions, programs with the non-term characteristics described must be treated as non-term programs.",multi_hop_abstract_query_synthesizer
"How do the disbursement timing requirements for federal student aid differ between clock-hour or non-term credit-hour programs and subscription-based programs, particularly regarding the completion of coursework or credit hours before receiving subsequent disbursements, and what flexibility do schools have in scheduling multiple disbursements within a payment period?","['StudentAid.gov Search Results for: disbursement timing requirements for federal student aid in clock-hour or non-term credit-hour programs', 'Summary: For federal student aid, disbursements in non-term or clock-hour programs depend on credit completion and instructional time. Aid is disbursed in two payments based on half-year completion. Non-standard terms must align with half-year credit and time completion.', ""Official Federal Information:\n1. Fed era I Student !~iid\n   pre>grains; however, based on the published information and pllblisbed policies, and during interviewswit)l the school's staff, the pre>gram structure varies from nonstandard to non-term programs. -Th...\n   URL: https://studentaid.gov/sites/default/files/fsawg/datacenter/library/FPRD/Five_Branches_University_031313_11302018_FPRD_Redacted.pdf"", '2. What is the Loan Disbursement (Pay Out) Process?\n   How a loan is disbursed depends on the type of loan you receive and the type of school you attend (semester, term, or clock hour). You will receive written notification each time your loan is to be pa...\n   URL: https://studentaid.gov/help-center/answers/article/what-is-the-loan-disbursement-pay-out-process', '3. Student Loan Industry Glossary - Mohela\n   Title IV enrollment status. Previously-passed coursework that the school requires the student to repeat due to the student failing other coursework may not be counted toward the student’s\nTitle IV enr...\n   URL: https://mohela.studentaid.gov/DL/resourceCenter/glossary.aspx', 'StudentAid.gov Search Results for: disbursement timing requirements for federal student aid in subscription-based programs', ""Summary: Federal student aid disbursements for subscription-based programs occur monthly, typically in December, March, July, and September. The exact timing depends on the school's reconciliation and fund draw-down processes."", 'Official Federal Information:\n1. ANNUAL REPORT FY 2020\n   The Next Gen FSA initiative delivered intuitive, self-service tools for students, parents, and borrowers. The new StudentAid.gov—FSA’s primary website for customers—consolidated the four most-visited ...\n   URL: https://studentaid.gov/sites/default/files/fy2020-fsa-annual-report.pdf', '2. maximus-federal-services.pdf\n   through routine outreach, asking customers and partners to update their data (e.g., contact information, communication preferences, change in circumstances). 4.4 PROGRAM REQUIREMENTS - STUDENT AID BAC...\n   URL: https://studentaid.gov/sites/default/files/maximus-federal-services.pdf', ""3. So Your Loan Was Transferred—What's Next?\n   Image 2\nHow long will it take for my new servicer’s info to show up on StudentAid.gov?\n----------------------------------------------------------------------------------""]","['<1-hop>\n\nboth the credit or clock hours and the weeks of instructional time in a payment period before receiving a disbursement of Pell Grant, FSEOG, TEACH Grant or Direct Loan funds for the next payment period. For the Direct Loan Program only, this same requirement applies to students who are enrolled in programs with nonstandard terms that are not substantially equal in length. Effect of Accelerated Progression on Disbursement Timing in a Clock-Hour or Non-Term Credit-Hour Program The Pell Grant or TEACH Grant amount that a student is eligible to receive for a payment period in a clock-hour or non- term credit-hour program is based on the number of hours and weeks in the scheduled payment periods for the program that are established at the beginning of the program based on the program length (as described earlier in this chapter). These scheduled payment periods do not change, regardless of a student9s rate of progression through a clock-hour or non-term credit-hour program. This means that if a student completes additional weeks of instructional time or hours while completing the other measure of a payment period, the actual number of weeks or hours that the student completes before a disbursement can be made for the next payment period may differ from the number of weeks or hours in the scheduled payment period used to determine the student9s grant amount for the payment period. Although a student9s completion of additional weeks or hours in a payment period has no effect on the scheduled payment periods for purposes of determining Pell Grant and TEACH Grant payment amounts, an undergraduate student who accelerates in a clock-hour or non-term credit-hour program may have reduced Direct Loan eligibility in the final academic year of a program. Specifically, if a student enrolled in a program that is greater than one academic year in length completes additional clock or credit hours prior to the final academic year of the program, this may result in a final period of study that contains fewer clock or credit hours than the number of hours in the program9s defined academic year. In this circumstance, the Direct Loan annual loan limit for an undergraduate student must be prorated (reduced). The principles described above are illustrated by the examples in Appendix A at the end of this chapter. For guidance on calculating Pell Grant and TEACH Grant awards for clock-hour and non-term credit-hour programs, see Volume 7. For information on Direct Loan annual loan limit proration and annual loan limit progression in clock-hour and non-term credit- hour programs, see Volume 8, Chapters 5 and 6. If your school is unable to determine when a student has successfully completed half of the credit or clock hours in a program, academic year, or remainder of a program, the student is considered to have begun the second payment period of the program, academic year, or remainder of a program at the later of the date (identified by your school) that the student has successfully completed: half of the academic coursework in the program, academic year, or remainder of the program; or half of the number of weeks of instructional time in the program, academic year, or remainder of the program.', '<2-hop>\n\nDisbursement Timing in Subscription-Based Programs For the first two subscription periods (terms) that a student attends in a subscription-based program, there is no requirement for the student to have completed a certain amount of coursework before receiving a disbursement of Title IV funds (the same as in any other term-based program using credit hours). However, to receive a disbursement of Title IV aid for each subsequent subscription period in the program, the student must have completed a cumulative number of credit hours equal to the total of the number of hours for which the student was enrolled in all previously attended subscription periods in the program, excluding the number of hours for which the student was enrolled in the most recently attended subscription period. For more detailed guidance on the disbursement rules for subscription-based programs, including examples, refer to Appendix B at the end of this chapter. Multiple Disbursements Within a Payment Period The regulations governing the Title IV programs generally permit schools to pay Title IV funds at such times and in such installments within each payment period as will best meet students9 needs. This gives schools the ability to apportion the payment if doing so will be in the best interest of the student. For example, if a payment period is particularly long, a school might choose to pay in multiple installments to the extent program requirements permit to ensure that a student will have funds to pay rent later in the payment period. If a school chooses to schedule multiple Direct Loan disbursements within a single payment period, the disbursements must be substantially equal. Note also that if the loan period for a Direct Loan is a single payment period, the loan must be disbursed in at least two installments unless the school qualifies for an exception to the multiple disbursement requirement. See Volume 8, Chapter 3 for more']","The disbursement timing requirements for federal student aid differ between clock-hour or non-term credit-hour programs and subscription-based programs as follows:

1. Clock-hour or Non-term Credit-hour Programs:
- Disbursements are typically based on the completion of credit hours or instructional time.
- Aid is generally disbursed in two payments, often aligned with half-year credit and time completion.
- For non-standard terms, disbursement schedules must still align with the completion of half-year credit hours or instructional time.

2. Subscription-based Programs:
- Disbursements occur monthly, usually in December, March, July, and September.
- The timing depends on the school's reconciliation and fund draw-down processes, rather than specific coursework completion.

Regarding flexibility in scheduling multiple disbursements within a payment period:
- Schools have some flexibility to schedule multiple disbursements within a payment period, but these must adhere to federal regulations and the specific disbursement schedule associated with the program type.
- For clock-hour or non-term programs, disbursements are tied to coursework or credit hour completion.
- For subscription-based programs, disbursements are aligned with the monthly schedule, which can be adjusted based on the school's operational processes.

Would you like more detailed information on any of these points?","In clock-hour or non-term credit-hour programs, students must complete both the required credit or clock hours and the weeks of instructional time in a payment period before they can receive a disbursement of Pell Grant, FSEOG, TEACH Grant, or Direct Loan funds for the next payment period. The scheduled payment periods are established at the beginning of the program and do not change based on a student's rate of progression. If a student accelerates and completes additional weeks or hours, this does not affect the scheduled payment periods for Pell Grant and TEACH Grant amounts, but may result in reduced Direct Loan eligibility in the final academic year if the last period contains fewer hours than the defined academic year, requiring proration of the loan limit.

In subscription-based programs, for the first two subscription periods, there is no requirement for the student to complete a certain amount of coursework before receiving a disbursement of Title IV funds. However, for each subsequent subscription period, the student must have completed a cumulative number of credit hours equal to the total number of hours for which they were enrolled in all previously attended subscription periods, excluding the most recently attended period.

Additionally, schools have flexibility in scheduling multiple disbursements within a payment period for Title IV programs. They may pay funds in such times and installments as best meet students’ needs, such as splitting payments in longer periods to help students manage expenses. If multiple Direct Loan disbursements are scheduled within a single payment period, they must be substantially equal, and if the loan period is a single payment period, the loan must be disbursed in at least two installments unless an exception applies.",multi_hop_abstract_query_synthesizer
"Acccording to Volume 8, Chapter 3, how does the inclusion of clinical work in standard term programs affect the classification of terms, and what are the disbursement timing rules for Direct Loans when such clinical work is included?",[],"['<1-hop>\n\nInclusion of Clinical Work in a Standard Term Periods of medical and education program clinical work which is conducted outside the classroom may not be included in a standard term, unless all of the following apply: All students in the program must participate in the practicum or clinical experience, and they must be required to complete the practicum or clinical experience as a condition for applying for licensure or authorization to practice the occupation they intend to pursue; The school has little or no control over the length or starting and ending dates of the practicum or clinical experience. This may be due to constraints imposed by outside licensing bodies or the need to accommodate schedules of entities with which students are being placed (e.g., school districts or hospitals); and Credit hours associated with the practicum or clinical experience must be associated with the term in which most of the training occurs, even if the starting and ending dates do not exactly align with the term dates and/or overlap with another term. If the clinical work meets all the above criteria, terms which include such clinical work are not required to be considered nonstandard, nor are such programs required to be considered non-term, even if the clinical work overlaps another term. This flexibility is limited to required clinical periods associated with standard term programs in medicine (including, but not limited to, allopathic, osteopathic, nursing, veterinary, dentistry, pharmacy, and physical therapy), and student teaching required to obtain a state teaching certificate. See Volume 8, Chapter 3 for additional guidance on certain exceptions to the normal loan period and disbursement timing rules for Direct Loans when clinical work that meets the criteria described above is included in a standard term. Nonstandard Terms Generally, nonstandard terms are terms that are not semesters, trimesters, or quarters. For example, a 5-week term or a 23-week term would be considered a nonstandard term because no standard term can be fewer than nine weeks or greater than 21 weeks in length. Like standard terms, nonstandard terms may be equal in length or may be of different lengths. If a program is offered in a combination of standard terms and nonstandard terms, the program is considered to be offered in nonstandard terms. Also, like standard terms, nonstandard terms may not overlap within a program. Even if a school calls its terms semesters, trimesters, or quarters, they are considered to be nonstandard terms if they do not comply with the policy on standard term length, as described earlier. For instance, a 22-week semester or an 8-week quarter must be treated as a nonstandard term, because a semester cannot contain more than 21 weeks and a quarter must include a minimum of nine weeks. Semesters, trimesters, or quarters are also considered to be nonstandard terms if academic progress is not measured in the manner normally associated with the type of term. For example, if a program is offered in 15-week semesters but measures academic progress in quarter credit hours, the semesters would be considered nonstandard terms.', '<2-hop>\n\nDisbursement Timing in Subscription-Based Programs For the first two subscription periods (terms) that a student attends in a subscription-based program, there is no requirement for the student to have completed a certain amount of coursework before receiving a disbursement of Title IV funds (the same as in any other term-based program using credit hours). However, to receive a disbursement of Title IV aid for each subsequent subscription period in the program, the student must have completed a cumulative number of credit hours equal to the total of the number of hours for which the student was enrolled in all previously attended subscription periods in the program, excluding the number of hours for which the student was enrolled in the most recently attended subscription period. For more detailed guidance on the disbursement rules for subscription-based programs, including examples, refer to Appendix B at the end of this chapter. Multiple Disbursements Within a Payment Period The regulations governing the Title IV programs generally permit schools to pay Title IV funds at such times and in such installments within each payment period as will best meet students9 needs. This gives schools the ability to apportion the payment if doing so will be in the best interest of the student. For example, if a payment period is particularly long, a school might choose to pay in multiple installments to the extent program requirements permit to ensure that a student will have funds to pay rent later in the payment period. If a school chooses to schedule multiple Direct Loan disbursements within a single payment period, the disbursements must be substantially equal. Note also that if the loan period for a Direct Loan is a single payment period, the loan must be disbursed in at least two installments unless the school qualifies for an exception to the multiple disbursement requirement. See Volume 8, Chapter 3 for more']","It seems there is a technical issue preventing me from retrieving the specific information from Volume 8, Chapter 3. 

However, I can provide general information based on my training data:

1. Inclusion of Clinical Work in Standard Term Programs:
- Typically, clinical work can affect the classification of terms by potentially extending the duration or altering the structure of the academic calendar.
- It may also influence whether certain terms are considered part of the regular academic year or as special terms, impacting eligibility and reporting.

2. Disbursement Timing Rules for Direct Loans with Clinical Work:
- Disbursements are usually scheduled based on the academic calendar and the completion of required clinical hours.
- For clinical work included in standard term programs, disbursements often occur at the start of each term, contingent upon the student's enrollment and progress.
- Specific rules may vary depending on the institution and the program's structure.

For precise and official details, I recommend consulting the latest Volume 8, Chapter 3 of the relevant federal student aid regulations or contacting the loan servicer directly. Would you like me to assist you in finding official sources or contact information?","Volume 8, Chapter 3 explains that clinical work in standard term programs may be included in a standard term if all students are required to participate as a condition for licensure, the school has little or no control over the practicum’s timing, and credit hours are associated with the term in which most training occurs. If these criteria are met, the terms do not have to be considered nonstandard, even if the clinical work overlaps another term. For Direct Loans, Volume 8, Chapter 3 provides additional guidance on exceptions to normal loan period and disbursement timing rules when such clinical work is included in a standard term. This means that there may be flexibility in how and when Direct Loan funds are disbursed to accommodate the unique scheduling of required clinical experiences.",multi_hop_specific_query_synthesizer
how do appendix a and appendix b help schools understand the rules for disbursement timing and loan limit proration for both clock-hour/non-term credit-hour programs and subscription-based programs?,[],"['<1-hop>\n\nboth the credit or clock hours and the weeks of instructional time in a payment period before receiving a disbursement of Pell Grant, FSEOG, TEACH Grant or Direct Loan funds for the next payment period. For the Direct Loan Program only, this same requirement applies to students who are enrolled in programs with nonstandard terms that are not substantially equal in length. Effect of Accelerated Progression on Disbursement Timing in a Clock-Hour or Non-Term Credit-Hour Program The Pell Grant or TEACH Grant amount that a student is eligible to receive for a payment period in a clock-hour or non- term credit-hour program is based on the number of hours and weeks in the scheduled payment periods for the program that are established at the beginning of the program based on the program length (as described earlier in this chapter). These scheduled payment periods do not change, regardless of a student9s rate of progression through a clock-hour or non-term credit-hour program. This means that if a student completes additional weeks of instructional time or hours while completing the other measure of a payment period, the actual number of weeks or hours that the student completes before a disbursement can be made for the next payment period may differ from the number of weeks or hours in the scheduled payment period used to determine the student9s grant amount for the payment period. Although a student9s completion of additional weeks or hours in a payment period has no effect on the scheduled payment periods for purposes of determining Pell Grant and TEACH Grant payment amounts, an undergraduate student who accelerates in a clock-hour or non-term credit-hour program may have reduced Direct Loan eligibility in the final academic year of a program. Specifically, if a student enrolled in a program that is greater than one academic year in length completes additional clock or credit hours prior to the final academic year of the program, this may result in a final period of study that contains fewer clock or credit hours than the number of hours in the program9s defined academic year. In this circumstance, the Direct Loan annual loan limit for an undergraduate student must be prorated (reduced). The principles described above are illustrated by the examples in Appendix A at the end of this chapter. For guidance on calculating Pell Grant and TEACH Grant awards for clock-hour and non-term credit-hour programs, see Volume 7. For information on Direct Loan annual loan limit proration and annual loan limit progression in clock-hour and non-term credit- hour programs, see Volume 8, Chapters 5 and 6. If your school is unable to determine when a student has successfully completed half of the credit or clock hours in a program, academic year, or remainder of a program, the student is considered to have begun the second payment period of the program, academic year, or remainder of a program at the later of the date (identified by your school) that the student has successfully completed: half of the academic coursework in the program, academic year, or remainder of the program; or half of the number of weeks of instructional time in the program, academic year, or remainder of the program.', '<2-hop>\n\nDisbursement Timing in Subscription-Based Programs For the first two subscription periods (terms) that a student attends in a subscription-based program, there is no requirement for the student to have completed a certain amount of coursework before receiving a disbursement of Title IV funds (the same as in any other term-based program using credit hours). However, to receive a disbursement of Title IV aid for each subsequent subscription period in the program, the student must have completed a cumulative number of credit hours equal to the total of the number of hours for which the student was enrolled in all previously attended subscription periods in the program, excluding the number of hours for which the student was enrolled in the most recently attended subscription period. For more detailed guidance on the disbursement rules for subscription-based programs, including examples, refer to Appendix B at the end of this chapter. Multiple Disbursements Within a Payment Period The regulations governing the Title IV programs generally permit schools to pay Title IV funds at such times and in such installments within each payment period as will best meet students9 needs. This gives schools the ability to apportion the payment if doing so will be in the best interest of the student. For example, if a payment period is particularly long, a school might choose to pay in multiple installments to the extent program requirements permit to ensure that a student will have funds to pay rent later in the payment period. If a school chooses to schedule multiple Direct Loan disbursements within a single payment period, the disbursements must be substantially equal. Note also that if the loan period for a Direct Loan is a single payment period, the loan must be disbursed in at least two installments unless the school qualifies for an exception to the multiple disbursement requirement. See Volume 8, Chapter 3 for more']","It seems there is a technical issue with the query process. Based on my existing knowledge, I can provide a general explanation:

Appendices A and B typically serve as detailed guides or supplemental materials that clarify the rules and procedures related to disbursement timing and loan limit proration. For clock-hour/non-term credit-hour programs, these appendices help schools understand how to prorate loan limits based on the length of the program and the disbursement schedule, ensuring compliance with federal regulations. They also specify the timing for disbursements to align with the academic calendar and program start dates.

For subscription-based programs, the appendices outline how to handle disbursements when the program's schedule is flexible or ongoing, including how to prorate loan limits based on the actual duration of the student's enrollment or subscription period. They provide guidance on maintaining compliance with federal rules while accommodating different program structures.

If you need specific details from the appendices or official guidance, I recommend consulting the relevant federal student aid regulations or the official documentation provided by the Department of Education. Would you like me to assist you in finding official sources or specific regulations?","appendix a gives examples that illustrate the principles for determining scheduled payment periods, disbursement timing, and direct loan annual loan limit proration in clock-hour and non-term credit-hour programs, as described in the main text. appendix b provides more detailed guidance and examples on the disbursement rules for subscription-based programs, including how students must complete a cumulative number of credit hours before receiving title iv aid for subsequent subscription periods. together, appendix a and appendix b help schools understand and apply the specific requirements for disbursing title iv funds and prorating loan limits based on the type of academic calendar structure their programs use.",multi_hop_specific_query_synthesizer
How does the structure of non-term and subscription-based academic calendars affect the calculation and disbursement of Pell Grant awards in clock-hour or non-term credit-hour programs?,"['StudentAid.gov Search Results for: Pell Grant calculation and disbursement in non-term and subscription-based academic calendars', 'Summary: Pell Grants for non-term and subscription-based programs use Formula 4. Payments are prorated based on credit hours or weeks of instruction. Pell Grants are disbursed differently from loans.', 'Official Federal Information:\n1. Final Program\n   program. Federal Pell Grant Awards For purposes of awarding Federal Pell Grants, a non-term program must use Pell Grant Formula 4 (34 C.F.R. §690.63(a) and (e)). To determine the payment amount of a p...\n   URL: https://studentaid.gov/sites/default/files/fsawg/datacenter/library/FPRD/Saint-Josephs-College-ME00205109032020FPRDRedacted.pdf', '2. 2025–26 fafsa\n   The best place for information about student aid is the financial aid office at the college you plan to attend. The financial aid administrator can tell you about student aid available from your state...\n   URL: https://studentaid.gov/sites/default/files/2025-26-fafsa.pdf', '3. Federal Student Aid Financial Aid Dictionary: Top Terms Related to Grants, Work-Study, and Student Loans – Federal Student Aid\n   You can receive Pell Grant funding for the equivalent of 12 semesters, or roughly six years. To keep track of the Pell Grant funds you’ve received, log in to your Dashboard at StudentAid.gov....\n   URL: https://studentaid.gov/articles/financial-aid-dictionary/', 'StudentAid.gov Search Results for: Impact of academic calendar structure on Pell Grant awards in clock-hour or non-term credit-hour programs', 'Summary: Pell Grants for non-term credit-hour programs use a prorated formula based on credit hours or weeks of instruction. Non-term programs must use Pell Grant Formula 4. The academic year must include at least 30 weeks for Title IV eligibility.', 'Official Federal Information:\n1. Final Program\n   prorate Direct Subsidized/Unsubsidized Loan limits under certain circumstances is different than the requirements for calculating Pell Grants. All clock-hour programs, non-term credit-hour programs, a...\n   URL: https://studentaid.gov/sites/default/files/fsawg/datacenter/library/FPRD/Saint-Josephs-College-ME00205109032020FPRDRedacted.pdf', '2. 2025–26 fafsa\n   The best place for information about student aid is the financial aid office at the college you plan to attend. The financial aid administrator can tell you about student aid available from your state...\n   URL: https://studentaid.gov/sites/default/files/2025-26-fafsa.pdf', '3. Federal Student Aid Don’t Miss Out on Federal Pell Grants – Federal Student Aid\n   at StudentAid.gov/pell-grant when itâ\x80\x99s available. | | | [...] A Federal Pell Grant is a type of grant that provides funds to help pay for school. Pell Grants are typically awarded to undergraduate s...\n   URL: https://studentaid.gov/articles/dont-miss-out-on-pell-grants/']","['<1-hop>\n\nboth the credit or clock hours and the weeks of instructional time in a payment period before receiving a disbursement of Pell Grant, FSEOG, TEACH Grant or Direct Loan funds for the next payment period. For the Direct Loan Program only, this same requirement applies to students who are enrolled in programs with nonstandard terms that are not substantially equal in length. Effect of Accelerated Progression on Disbursement Timing in a Clock-Hour or Non-Term Credit-Hour Program The Pell Grant or TEACH Grant amount that a student is eligible to receive for a payment period in a clock-hour or non- term credit-hour program is based on the number of hours and weeks in the scheduled payment periods for the program that are established at the beginning of the program based on the program length (as described earlier in this chapter). These scheduled payment periods do not change, regardless of a student9s rate of progression through a clock-hour or non-term credit-hour program. This means that if a student completes additional weeks of instructional time or hours while completing the other measure of a payment period, the actual number of weeks or hours that the student completes before a disbursement can be made for the next payment period may differ from the number of weeks or hours in the scheduled payment period used to determine the student9s grant amount for the payment period. Although a student9s completion of additional weeks or hours in a payment period has no effect on the scheduled payment periods for purposes of determining Pell Grant and TEACH Grant payment amounts, an undergraduate student who accelerates in a clock-hour or non-term credit-hour program may have reduced Direct Loan eligibility in the final academic year of a program. Specifically, if a student enrolled in a program that is greater than one academic year in length completes additional clock or credit hours prior to the final academic year of the program, this may result in a final period of study that contains fewer clock or credit hours than the number of hours in the program9s defined academic year. In this circumstance, the Direct Loan annual loan limit for an undergraduate student must be prorated (reduced). The principles described above are illustrated by the examples in Appendix A at the end of this chapter. For guidance on calculating Pell Grant and TEACH Grant awards for clock-hour and non-term credit-hour programs, see Volume 7. For information on Direct Loan annual loan limit proration and annual loan limit progression in clock-hour and non-term credit- hour programs, see Volume 8, Chapters 5 and 6. If your school is unable to determine when a student has successfully completed half of the credit or clock hours in a program, academic year, or remainder of a program, the student is considered to have begun the second payment period of the program, academic year, or remainder of a program at the later of the date (identified by your school) that the student has successfully completed: half of the academic coursework in the program, academic year, or remainder of the program; or half of the number of weeks of instructional time in the program, academic year, or remainder of the program.', '<2-hop>\n\nnon-term (includes clock-hour calendars), or subscription-based. In a standard term or nonstandard term academic calendar, a term is generally a period in which all classes are scheduled to begin and end within a set time frame, and academic progress is measured in credit hours. In a non-term academic calendar, classes do not begin and end within a set time frame, such as a term. Academic progress in a non-term program can be measured in either credit or clock hours. In some cases (as discussed below), a program with terms must be treated as a non-term program for Title IV purposes. A subscription-based academic calendar is used only by subscription-based programs. A subscription-based program is a term-based program in which the school charges a student for each term on a subscription basis with the expectation that the student will complete a specified number of credit hours (or the equivalent) during that term. However, classes in a subscription-based program are not required to begin or end within a specific timeframe in each term, as is the case in a term-based calendar that is not subscription-based. For more detail on subscription-based programs, see Volume 2, Chapter 2. A subscription-based academic calendar consists of ""subscription periods"" that are either standard terms or substantially equal nonstandard terms (for guidance on when terms are considered to be substantially equal in length, see <Payment periods for programs using standard terms or substantially equal nonstandard terms= later in this chapter). Substantially equal nonstandard terms may be of any length, but if they are not at least nine weeks in length, the program must use BBAY 3 for purposes of monitoring Direct Loan annual loan limit progression (see Volume 8, Chapter 6 for more information on BBAY 3). Nonstandard terms that are not substantially equal in length are not permissible in a subscription-based academic calendar. The term ""subscription period"" is synonymous with ""term"" and ""payment period"" (payment periods are covered later in this chapter). Except for the fact that classes are not required to start and end within a term, the rules and requirements for term-based programs that are not subscription-based also apply to subscription-based programs. These requirements include: minimum and maximum term length restrictions for standard terms (see the discussion in the next section of this chapter); requirements for determining full-time enrollment (see Volume 1, Chapter 1); use of a Scheduled Academic Year (SAY), BBAY 1, BBAY 2, or BBAY 3 for monitoring Direct Loan annual loan limit progression (see Volume 8, Chapter 6); and use of Pell Grant formulas 1, 2, or 3 to calculate Pell Grant awards (see Volume 7, Chapter 4). Whether an academic calendar is standard term, nonstandard term, non-term, or subscription-based has implications for how aid is awarded and disbursed under the Title IV programs. Standard Terms: Semesters, Trimesters, and Quarters Semesters and trimesters contain between 14 and 21 weeks of instructional time. However, a summer term in a program using semesters or trimesters may contain fewer than 14 weeks. An academic calendar that uses semesters or trimesters traditionally has three terms, one each in the fall, spring, and summer, two of which comprise an academic year. For example, in a program using an SAY calendar, fall and spring would comprise an academic year. In a program using a']","The structure of non-term and subscription-based academic calendars significantly influences the calculation and disbursement of Pell Grant awards in clock-hour or non-term credit-hour programs. According to official federal information:

1. Pell Grants for non-term and subscription-based programs use Formula 4, which involves prorating the award based on the number of credit hours or weeks of instruction. This means that the amount a student receives is adjusted proportionally to the portion of the academic year they are enrolled in.

2. Non-term programs must include at least 30 weeks in the academic year to qualify for Title IV federal aid, including Pell Grants. The academic calendar's structure, whether clock-hour or credit-hour based, impacts how the prorated amounts are calculated.

3. The disbursement process for Pell Grants in these programs differs from traditional term-based programs, reflecting the prorated calculations aligned with the specific calendar structure.

In summary, the calendar structure affects both the calculation—through prorated formulas—and the timing of disbursements of Pell Grant funds in non-term and subscription-based programs, ensuring that aid is aligned with the student's actual period of attendance.","The structure of non-term and subscription-based academic calendars directly impacts the calculation and disbursement of Pell Grant awards in clock-hour or non-term credit-hour programs. In non-term academic calendars, classes do not begin and end within a set timeframe, and academic progress can be measured in either credit or clock hours. For Pell Grant awards in these programs, the amount a student is eligible to receive for a payment period is based on the number of hours and weeks in the scheduled payment periods established at the beginning of the program. These scheduled payment periods do not change, regardless of a student’s rate of progression. In subscription-based programs, which are a type of term-based program, Pell Grant awards are calculated using Pell Grant formulas 1, 2, or 3, and the term 'subscription period' is synonymous with 'term' and 'payment period.' The rules for term-based programs also apply to subscription-based programs, including requirements for determining full-time enrollment and the use of specific academic year structures. Therefore, the academic calendar type determines both the method for calculating Pell Grant awards and the timing of disbursements under Title IV regulations.",multi_hop_specific_query_synthesizer
"According to Volume 8, Chapter 6 and Volume 8, Chapter 3, how do the requirements for disbursement timing and academic progress in subscription-based programs differ from those in standard term or non-term academic calendars, particularly regarding the use of subscription periods, BBAY 3, and multiple disbursements within a payment period?",[],"['<1-hop>\n\nDisbursement Timing in Subscription-Based Programs For the first two subscription periods (terms) that a student attends in a subscription-based program, there is no requirement for the student to have completed a certain amount of coursework before receiving a disbursement of Title IV funds (the same as in any other term-based program using credit hours). However, to receive a disbursement of Title IV aid for each subsequent subscription period in the program, the student must have completed a cumulative number of credit hours equal to the total of the number of hours for which the student was enrolled in all previously attended subscription periods in the program, excluding the number of hours for which the student was enrolled in the most recently attended subscription period. For more detailed guidance on the disbursement rules for subscription-based programs, including examples, refer to Appendix B at the end of this chapter. Multiple Disbursements Within a Payment Period The regulations governing the Title IV programs generally permit schools to pay Title IV funds at such times and in such installments within each payment period as will best meet students9 needs. This gives schools the ability to apportion the payment if doing so will be in the best interest of the student. For example, if a payment period is particularly long, a school might choose to pay in multiple installments to the extent program requirements permit to ensure that a student will have funds to pay rent later in the payment period. If a school chooses to schedule multiple Direct Loan disbursements within a single payment period, the disbursements must be substantially equal. Note also that if the loan period for a Direct Loan is a single payment period, the loan must be disbursed in at least two installments unless the school qualifies for an exception to the multiple disbursement requirement. See Volume 8, Chapter 3 for more', '<2-hop>\n\nnon-term (includes clock-hour calendars), or subscription-based. In a standard term or nonstandard term academic calendar, a term is generally a period in which all classes are scheduled to begin and end within a set time frame, and academic progress is measured in credit hours. In a non-term academic calendar, classes do not begin and end within a set time frame, such as a term. Academic progress in a non-term program can be measured in either credit or clock hours. In some cases (as discussed below), a program with terms must be treated as a non-term program for Title IV purposes. A subscription-based academic calendar is used only by subscription-based programs. A subscription-based program is a term-based program in which the school charges a student for each term on a subscription basis with the expectation that the student will complete a specified number of credit hours (or the equivalent) during that term. However, classes in a subscription-based program are not required to begin or end within a specific timeframe in each term, as is the case in a term-based calendar that is not subscription-based. For more detail on subscription-based programs, see Volume 2, Chapter 2. A subscription-based academic calendar consists of ""subscription periods"" that are either standard terms or substantially equal nonstandard terms (for guidance on when terms are considered to be substantially equal in length, see <Payment periods for programs using standard terms or substantially equal nonstandard terms= later in this chapter). Substantially equal nonstandard terms may be of any length, but if they are not at least nine weeks in length, the program must use BBAY 3 for purposes of monitoring Direct Loan annual loan limit progression (see Volume 8, Chapter 6 for more information on BBAY 3). Nonstandard terms that are not substantially equal in length are not permissible in a subscription-based academic calendar. The term ""subscription period"" is synonymous with ""term"" and ""payment period"" (payment periods are covered later in this chapter). Except for the fact that classes are not required to start and end within a term, the rules and requirements for term-based programs that are not subscription-based also apply to subscription-based programs. These requirements include: minimum and maximum term length restrictions for standard terms (see the discussion in the next section of this chapter); requirements for determining full-time enrollment (see Volume 1, Chapter 1); use of a Scheduled Academic Year (SAY), BBAY 1, BBAY 2, or BBAY 3 for monitoring Direct Loan annual loan limit progression (see Volume 8, Chapter 6); and use of Pell Grant formulas 1, 2, or 3 to calculate Pell Grant awards (see Volume 7, Chapter 4). Whether an academic calendar is standard term, nonstandard term, non-term, or subscription-based has implications for how aid is awarded and disbursed under the Title IV programs. Standard Terms: Semesters, Trimesters, and Quarters Semesters and trimesters contain between 14 and 21 weeks of instructional time. However, a summer term in a program using semesters or trimesters may contain fewer than 14 weeks. An academic calendar that uses semesters or trimesters traditionally has three terms, one each in the fall, spring, and summer, two of which comprise an academic year. For example, in a program using an SAY calendar, fall and spring would comprise an academic year. In a program using a']","It appears there is a technical issue preventing the retrieval of the information. To proceed, I will provide a general overview based on typical policies related to subscription-based programs and standard academic calendars, but please note that for precise details from Volume 8, Chapters 6 and 3, I would need access to the specific content.

Generally, in subscription-based programs:
- Disbursement timing may be aligned with subscription periods, which can be shorter and more flexible than traditional academic terms.
- Academic progress requirements might be evaluated at each subscription period rather than at the end of a standard term.
- Multiple disbursements within a payment period are common, often corresponding to each subscription period, provided that the student maintains satisfactory academic progress and other eligibility criteria.

In contrast, standard term or non-term calendars:
- Disbursements are typically tied to the start of each academic term or semester.
- Academic progress is usually assessed at the end of each term.
- Disbursements are generally made once per term, with fewer disbursements within a single payment period.

BBAY 3 (Beginning Borrower Year 3) and other specific terms may influence eligibility and disbursement timing, especially in subscription models that allow for more frequent disbursements.

For exact details, I recommend reviewing the specific chapters mentioned or consulting official guidance documents. Would you like me to assist with a different approach or provide general information on student loan disbursement policies?","In subscription-based programs, as described in Volume 8, Chapter 6 and referenced in Volume 8, Chapter 3, the disbursement timing for Title IV aid differs from standard term or non-term academic calendars. For the first two subscription periods, students are not required to complete a certain amount of coursework before receiving Title IV funds, similar to other term-based programs using credit hours. However, for subsequent subscription periods, students must have completed a cumulative number of credit hours equal to the total enrolled in all previously attended subscription periods, excluding the most recent one, to receive further disbursements. Subscription-based programs use 'subscription periods,' which are synonymous with 'terms' or 'payment periods,' and these can be standard terms or substantially equal nonstandard terms. If nonstandard terms are not at least nine weeks in length, the program must use BBAY 3 for monitoring Direct Loan annual loan limit progression. Additionally, schools may choose to make multiple disbursements within a payment period, but if they do so for Direct Loans, the disbursements must be substantially equal, and if the loan period is a single payment period, at least two installments are required unless an exception applies. These requirements ensure that aid is awarded and disbursed in accordance with the unique structure of subscription-based programs, as opposed to the more rigid timing and progress requirements in standard term or non-term calendars.",multi_hop_specific_query_synthesizer
